
ALTER TABLE "SYS_USER_ROLE_REL"
	DROP CONSTRAINT "R_3"
GO
ALTER TABLE "SYS_USER_ROLE_REL"
	DROP CONSTRAINT "R_16"
GO
ALTER TABLE "SYS_MENU_ROLE_REL"
	DROP CONSTRAINT "R_5"
GO
ALTER TABLE "SYS_MENU_ROLE_REL"
	DROP CONSTRAINT "R_4"
GO
DROP INDEX "XAK1_SYSUSER"
GO
DROP TABLE "SYS_USER_ROLE"
GO
DROP TABLE "SYS_USER_ROLE_REL"
GO
DROP TABLE "SYS_USER_INFO"
GO
DROP TABLE "SYS_TRIGGER_INFO"
GO
DROP TABLE "SYS_ROLE_INFO"
GO
DROP TABLE "SYS_PUBCODE_INFO"
GO
DROP TABLE "SYS_OPERLOG_INFO"
GO
DROP TABLE "SYS_MENU_ROLE_REL"
GO
DROP TABLE "SYS_MENU_INFO"
GO
DROP TABLE "SYS_BRANCH_INFO"
GO
DROP TABLE "SYS_ANNO_TYPE_INFO"
GO
DROP TABLE "SYS_ANNO_INFO"
GO
DROP TABLE "SYS_ANNO_ACCE_INFO"
GO
DROP TABLE "SYS_ADVICE_INFO"
GO
CREATE TABLE "SYS_ADVICE_INFO"(
    ADVICE_ID VARCHAR(100) NOT NULL,
    ADVICE VARCHAR(1000),
    PAGE_ID VARCHAR(200),
    USER_ID VARCHAR(100)
)
GO
CREATE TABLE "SYS_ANNO_ACCE_INFO" ( 
	"ANNO_ID"               	VARCHAR(32) NOT NULL,
	"FILE_NAME"             	VARCHAR(200) NOT NULL,
	"FILE_CONTENT"          	BLOB(2147483647) NOT LOGGED NOT COMPACT,
	"FILE_CONTENT_TEMPORARY"	VARCHAR(255) 
	)
GO
CREATE TABLE "SYS_ANNO_INFO" ( 
	"ANNO_ID"     	VARCHAR(255) NOT NULL,
	"ANNO_CONTENT"	VARCHAR(255),
	"ANNO_STATUS" 	SMALLINT,
	"ANNO_TITLE"  	VARCHAR(255),
	"BEGIN_DT"    	VARCHAR(32),
	"CREATE_DT"   	VARCHAR(32),
	"END_DT"      	VARCHAR(32),
	"LOGIN_NAME"  	VARCHAR(255),
	"TYPE_ID"     	VARCHAR(255),
	"TYPE_NAME"   	VARCHAR(100),
	CONSTRAINT "SQL140106173900260" PRIMARY KEY("ANNO_ID")
)
GO
CREATE TABLE "SYS_ANNO_TYPE_INFO" ( 
	"TYPE_ID"  	VARCHAR(255) NOT NULL,
	"TYPE_NAME"	VARCHAR(255),
	"TYPE_RMK" 	VARCHAR(255),
	CONSTRAINT "SQL140106173900480" PRIMARY KEY("TYPE_ID")
)
GO
CREATE TABLE "SYS_BRANCH_INFO" ( 
	"BRANCH_NO"       	VARCHAR(32) NOT NULL,
	"BRANCH_NAME"     	VARCHAR(64) NOT NULL,
	"BRANCH_SHORTNAME"	VARCHAR(64),
	"UP_BRANCH_NO"    	VARCHAR(32) NOT NULL,
	"LEAF_FLAG"       	VARCHAR(1),
	CONSTRAINT "XPK_BRANCH" PRIMARY KEY("BRANCH_NO")
)
GO
CREATE TABLE "SYS_MENU_INFO" ( 
	"MENU_ID"     	VARCHAR(32) NOT NULL,
	"MENU_NAME"   	VARCHAR(64) NOT NULL,
	"MENU_URL"    	VARCHAR(32),
	"NEW_OPEN"    	CHARACTER(1),
	"MENU_LEVER"  	INTEGER,
	"MENU_ORDER"  	INTEGER,
	"PARENT_ID"   	VARCHAR(32),
	"MENU_TYPE"   	CHARACTER(1),
	"MENU_ACTIONS"	VARCHAR(256),
	"BUTTON_TYPE" 	VARCHAR(32),
	"MENU_ICONCLS"	VARCHAR(64),
	CONSTRAINT "XPK_SYSMENU" PRIMARY KEY("MENU_ID")
)
GO
CREATE TABLE "SYS_MENU_ROLE_REL" ( 
	"ROLE_ID"	VARCHAR(32) NOT NULL,
	"MENU_ID"	VARCHAR(32) NOT NULL,
	CONSTRAINT "XPK_MENU_ROLE" PRIMARY KEY("MENU_ID","ROLE_ID")
)
GO
CREATE TABLE "SYS_OPERLOG_INFO" ( 
	"LOG_ID"      	VARCHAR(32) NOT NULL,
	"LOGIN_NAME"  	VARCHAR(64) NOT NULL,
	"LOGIN_IP"    	VARCHAR(32),
	"OPER_TIME"   	VARCHAR(32),
	"OPER_CONTENT"	VARCHAR(1024),
	"OPER_TYPE"   	VARCHAR(64),
	CONSTRAINT "XPK_OPERLOG" PRIMARY KEY("LOG_ID")
)
GO
CREATE TABLE "SYS_PUBCODE_INFO" ( 
	"CODE_ID"   	VARCHAR(32) NOT NULL,
	"CODE_NAME" 	VARCHAR(50) NOT NULL,
	"CODE_VALUE"	VARCHAR(64) NOT NULL,
	"CODE_RMK"  	VARCHAR(512),
	CONSTRAINT "XPK_PUBCODE" PRIMARY KEY("CODE_ID")
)
GO
CREATE TABLE "SYS_ROLE_INFO" ( 
	"ROLE_ID"  	VARCHAR(32) NOT NULL,
	"ROLE_NAME"	VARCHAR(64) NOT NULL,
	"ROLE_RMK" 	VARCHAR(512),
	CONSTRAINT "XPK_SYSROLE" PRIMARY KEY("ROLE_ID")
)
GO
CREATE TABLE "SYS_TRIGGER_INFO" ( 
	"TRIGGER_ID"     	VARCHAR(255) NOT NULL,
	"CRON_EXPRESSION"	VARCHAR(255),
	"REPEAT_COUNT"   	INTEGER,
	"REPEAT_INTERVAL"	BIGINT,
	"START_DELAY"    	BIGINT,
	"TRIGGER_NAME"   	VARCHAR(255),
	"TRIGGER_RMK"    	VARCHAR(255),
	"TRIGGER_TYPE"   	INTEGER,
	CONSTRAINT "SQL140106173901810" PRIMARY KEY("TRIGGER_ID")
)
GO
CREATE TABLE "SYS_USER_INFO" ( 
	"USER_ID"     	VARCHAR(32) NOT NULL,
	"LOGIN_NAME"  	VARCHAR(64) NOT NULL,
	"LOGIN_PWD"   	VARCHAR(64) NOT NULL,
	"USER_STATUS" 	CHARACTER(1) NOT NULL,
	"USER_NAME"   	VARCHAR(64) NOT NULL,
	"USER_EMAIL"  	VARCHAR(64),
	"USER_TEL"    	VARCHAR(32),
	"USER_MOB_TEL"	VARCHAR(32),
	"BRANCH_NO"   	VARCHAR(32),
	"USER_TYPE"   	VARCHAR(255),
	CONSTRAINT "XPK_SYSUSER" PRIMARY KEY("USER_ID")
)
GO
CREATE TABLE "SYS_USER_ROLE_REL" ( 
	"ROLE_ID"	VARCHAR(32) NOT NULL,
	"USER_ID"	VARCHAR(32) NOT NULL,
	CONSTRAINT "XPK_USER_ROLE" PRIMARY KEY("ROLE_ID","USER_ID")
)
GO
CREATE TABLE "SYS_USER_ROLE" ( 
	"USER_ID"	VARCHAR(32) NOT NULL,
	"ROLE_ID"	VARCHAR(32) NOT NULL,
	CONSTRAINT "SQL140106173902290" PRIMARY KEY("USER_ID","ROLE_ID")
)
GO

INSERT INTO "SYS_ANNO_INFO"("ANNO_ID", "ANNO_CONTENT", "ANNO_STATUS", "ANNO_TITLE", "BEGIN_DT", "CREATE_DT", "END_DT", "LOGIN_NAME", "TYPE_ID", "TYPE_NAME")
  VALUES('40286681436aa77901436b8a1aeb0013', '测试公告', 1, '公告测试1', '2014-01-07 15:10:34.0', '2014-01-07 15:10:49.579', '2014-01-15 15:10:36.0', 'admin', '40286681436aa77901436b8995150011', '系统公告')
GO
INSERT INTO "SYS_ANNO_TYPE_INFO"("TYPE_ID", "TYPE_NAME", "TYPE_RMK")
  VALUES('40286681436aa77901436b8995150011', '系统公告', '')
GO
INSERT INTO "SYS_BRANCH_INFO"("BRANCH_NO", "BRANCH_NAME", "BRANCH_SHORTNAME", "UP_BRANCH_NO", "LEAF_FLAG")
  VALUES('0000', 'XX银行S', 'XX银行X', '-1', '0')
GO
INSERT INTO "SYS_BRANCH_INFO"("BRANCH_NO", "BRANCH_NAME", "BRANCH_SHORTNAME", "UP_BRANCH_NO", "LEAF_FLAG")
  VALUES('0001', 'XX银行一级支行1', 'XX银行一级支行1', '0000', '0')
GO
INSERT INTO "SYS_BRANCH_INFO"("BRANCH_NO", "BRANCH_NAME", "BRANCH_SHORTNAME", "UP_BRANCH_NO", "LEAF_FLAG")
  VALUES('0002', 'XX银行二级支行1', 'XX银行二级支行1', '0001', '1')
GO
INSERT INTO "SYS_BRANCH_INFO"("BRANCH_NO", "BRANCH_NAME", "BRANCH_SHORTNAME", "UP_BRANCH_NO", "LEAF_FLAG")
  VALUES('0003', 'XX银行二级支行2', 'XX银行二级支行2', '0001', '1')
GO
INSERT INTO "SYS_BRANCH_INFO"("BRANCH_NO", "BRANCH_NAME", "BRANCH_SHORTNAME", "UP_BRANCH_NO", "LEAF_FLAG")
  VALUES('0004', 'XX银行一级支行2', 'XX银行一级支行2', '0000', '0')
GO
INSERT INTO "SYS_BRANCH_INFO"("BRANCH_NO", "BRANCH_NAME", "BRANCH_SHORTNAME", "UP_BRANCH_NO", "LEAF_FLAG")
  VALUES('0005', 'XX银行二级支行3', 'XX银行二级支行3', '0004', '0')
GO
INSERT INTO "SYS_BRANCH_INFO"("BRANCH_NO", "BRANCH_NAME", "BRANCH_SHORTNAME", "UP_BRANCH_NO", "LEAF_FLAG")
  VALUES('0006', 'XX银行二级支行4', 'XX银行二级支行4', '0005', '1')
GO
INSERT INTO "SYS_MENU_INFO"("MENU_ID", "MENU_NAME", "MENU_URL", "NEW_OPEN", "MENU_LEVER", "MENU_ORDER", "PARENT_ID", "MENU_TYPE", "MENU_ACTIONS", "BUTTON_TYPE", "MENU_ICONCLS")
  VALUES('top1-sec1', '系统管理', NULL, '0', 1, 1, 'top1', '0', NULL, NULL, NULL)
GO
INSERT INTO "SYS_MENU_INFO"("MENU_ID", "MENU_NAME", "MENU_URL", "NEW_OPEN", "MENU_LEVER", "MENU_ORDER", "PARENT_ID", "MENU_TYPE", "MENU_ACTIONS", "BUTTON_TYPE", "MENU_ICONCLS")
  VALUES('top1-sec2', '参数管理', NULL, '0', 1, 2, 'top1', '0', NULL, NULL, NULL)
GO
INSERT INTO "SYS_MENU_INFO"("MENU_ID", "MENU_NAME", "MENU_URL", "NEW_OPEN", "MENU_LEVER", "MENU_ORDER", "PARENT_ID", "MENU_TYPE", "MENU_ACTIONS", "BUTTON_TYPE", "MENU_ICONCLS")
  VALUES('top1-sec1-third8', '帮助管理', '/helpfile/list.do', '0', 0, 5, 'top1-sec1', '0', 'findAll.do|download.do', NULL, NULL)
GO
INSERT INTO "SYS_MENU_INFO"("MENU_ID", "MENU_NAME", "MENU_URL", "NEW_OPEN", "MENU_LEVER", "MENU_ORDER", "PARENT_ID", "MENU_TYPE", "MENU_ACTIONS", "BUTTON_TYPE", "MENU_ICONCLS")
  VALUES('top1-sec1-third3-four1', '机构修改', NULL, '0', 0, 1, 'top1-sec1-third3', '9', 'getById.do|update.do', 'edit', NULL)
GO
INSERT INTO "SYS_MENU_INFO"("MENU_ID", "MENU_NAME", "MENU_URL", "NEW_OPEN", "MENU_LEVER", "MENU_ORDER", "PARENT_ID", "MENU_TYPE", "MENU_ACTIONS", "BUTTON_TYPE", "MENU_ICONCLS")
  VALUES('top1-sec1-third7', '菜单管理', '/menu/list.do', '0', 0, 4, 'top1-sec1', '0', 'firstTreeNode.do|menuTreeNode.do', '', '')
GO
INSERT INTO "SYS_MENU_INFO"("MENU_ID", "MENU_NAME", "MENU_URL", "NEW_OPEN", "MENU_LEVER", "MENU_ORDER", "PARENT_ID", "MENU_TYPE", "MENU_ACTIONS", "BUTTON_TYPE", "MENU_ICONCLS")
  VALUES('top1-sec1-third1-four1', '用户修改', NULL, '0', 0, 1, 'top1-sec1-third1', '9', 'save.do|getById.do|getBranchNameById.do', 'edit', NULL)
GO
INSERT INTO "SYS_MENU_INFO"("MENU_ID", "MENU_NAME", "MENU_URL", "NEW_OPEN", "MENU_LEVER", "MENU_ORDER", "PARENT_ID", "MENU_TYPE", "MENU_ACTIONS", "BUTTON_TYPE", "MENU_ICONCLS")
  VALUES('top1-sec1-third1-four2', '用户添加', NULL, '0', 0, 2, 'top1-sec1-third1', '9', 'save.do|firstTreeNode.do|getChildNodeForTree.do', 'add', NULL)
GO
INSERT INTO "SYS_MENU_INFO"("MENU_ID", "MENU_NAME", "MENU_URL", "NEW_OPEN", "MENU_LEVER", "MENU_ORDER", "PARENT_ID", "MENU_TYPE", "MENU_ACTIONS", "BUTTON_TYPE", "MENU_ICONCLS")
  VALUES('top1-sec1-third4-four1', '操作日志批量删除', NULL, '0', 0, 1, 'top1-sec1-third4', '9', 'deleteByIds.do', 'drop', NULL)
GO
INSERT INTO "SYS_MENU_INFO"("MENU_ID", "MENU_NAME", "MENU_URL", "NEW_OPEN", "MENU_LEVER", "MENU_ORDER", "PARENT_ID", "MENU_TYPE", "MENU_ACTIONS", "BUTTON_TYPE", "MENU_ICONCLS")
  VALUES('top1-sec1-third3-four2', '机构添加', NULL, '0', 0, 1, 'top1-sec1-third3', '9', 'save.do|firstTreeNode.do|getChildNodeForTree.do', 'add', NULL)
GO
INSERT INTO "SYS_MENU_INFO"("MENU_ID", "MENU_NAME", "MENU_URL", "NEW_OPEN", "MENU_LEVER", "MENU_ORDER", "PARENT_ID", "MENU_TYPE", "MENU_ACTIONS", "BUTTON_TYPE", "MENU_ICONCLS")
  VALUES('top1-sec1-third3-four3', '机构删除', NULL, '0', 0, 3, 'top1-sec3-third3', '9', 'deleteById.do', 'drop', NULL)
GO
INSERT INTO "SYS_MENU_INFO"("MENU_ID", "MENU_NAME", "MENU_URL", "NEW_OPEN", "MENU_LEVER", "MENU_ORDER", "PARENT_ID", "MENU_TYPE", "MENU_ACTIONS", "BUTTON_TYPE", "MENU_ICONCLS")
  VALUES('top1-sec1-third7-four1', '菜单增加', '', '0', 0, 1, 'top1-sec1-third7', '9', 'getMaxOrder.do|add.do|getAllMenuTreeNoleaf.do', 'add', '')
GO
INSERT INTO "SYS_MENU_INFO"("MENU_ID", "MENU_NAME", "MENU_URL", "NEW_OPEN", "MENU_LEVER", "MENU_ORDER", "PARENT_ID", "MENU_TYPE", "MENU_ACTIONS", "BUTTON_TYPE", "MENU_ICONCLS")
  VALUES('top1-sec1-third7-four2', '菜单修改', '', '0', 0, 2, 'top1-sec1-third7', '9', 'getTreeById.do|add.do|save.do|getAllMenuTreeNoleaf.do', 'edit', '')
GO
INSERT INTO "SYS_MENU_INFO"("MENU_ID", "MENU_NAME", "MENU_URL", "NEW_OPEN", "MENU_LEVER", "MENU_ORDER", "PARENT_ID", "MENU_TYPE", "MENU_ACTIONS", "BUTTON_TYPE", "MENU_ICONCLS")
  VALUES('top1-sec1-third7-four3', '菜单删除', '', '0', 0, 3, 'top1-sec1-third7', '9', 'delete.do', 'drop', '')
GO
INSERT INTO "SYS_MENU_INFO"("MENU_ID", "MENU_NAME", "MENU_URL", "NEW_OPEN", "MENU_LEVER", "MENU_ORDER", "PARENT_ID", "MENU_TYPE", "MENU_ACTIONS", "BUTTON_TYPE", "MENU_ICONCLS")
  VALUES('top1-sec1-third5-four1', '公共代码增加', NULL, '0', 0, 1, 'top1-sec1-third5', '9', 'save.do', 'save', NULL)
GO
INSERT INTO "SYS_MENU_INFO"("MENU_ID", "MENU_NAME", "MENU_URL", "NEW_OPEN", "MENU_LEVER", "MENU_ORDER", "PARENT_ID", "MENU_TYPE", "MENU_ACTIONS", "BUTTON_TYPE", "MENU_ICONCLS")
  VALUES('top1-sec1-third5-four2', '公共代码修改', NULL, '0', 0, 2, 'top1-sec1-third5', '9', 'getById.do|save.do', 'update', NULL)
GO
INSERT INTO "SYS_MENU_INFO"("MENU_ID", "MENU_NAME", "MENU_URL", "NEW_OPEN", "MENU_LEVER", "MENU_ORDER", "PARENT_ID", "MENU_TYPE", "MENU_ACTIONS", "BUTTON_TYPE", "MENU_ICONCLS")
  VALUES('top1-sec1-third5-four3', '公共代码删除', NULL, '0', 0, 3, 'top1-sec1-third5', '9', 'delete.do', 'delete', NULL)
GO
INSERT INTO "SYS_MENU_INFO"("MENU_ID", "MENU_NAME", "MENU_URL", "NEW_OPEN", "MENU_LEVER", "MENU_ORDER", "PARENT_ID", "MENU_TYPE", "MENU_ACTIONS", "BUTTON_TYPE", "MENU_ICONCLS")
  VALUES('top1-sec1-third1-four3', '用户删除', NULL, '0', 0, 3, 'top1-sec1-third1', '9', 'delete.do', 'drop', NULL)
GO
INSERT INTO "SYS_MENU_INFO"("MENU_ID", "MENU_NAME", "MENU_URL", "NEW_OPEN", "MENU_LEVER", "MENU_ORDER", "PARENT_ID", "MENU_TYPE", "MENU_ACTIONS", "BUTTON_TYPE", "MENU_ICONCLS")
  VALUES('top1-sec1-third1-four4', '用户角色', NULL, '0', 0, 4, 'top1-sec1-third1', '9', 'userRole.do|userRoleSave.do|userRoleDataGrid.do', 'userRole', NULL)
GO
INSERT INTO "SYS_MENU_INFO"("MENU_ID", "MENU_NAME", "MENU_URL", "NEW_OPEN", "MENU_LEVER", "MENU_ORDER", "PARENT_ID", "MENU_TYPE", "MENU_ACTIONS", "BUTTON_TYPE", "MENU_ICONCLS")
  VALUES('top1-sec1-third1-four5', '用户重置密码', NULL, '0', 0, 5, 'top1-sec1-third1', '9', 'resetPwd.do', 'restPwd', NULL)
GO
INSERT INTO "SYS_MENU_INFO"("MENU_ID", "MENU_NAME", "MENU_URL", "NEW_OPEN", "MENU_LEVER", "MENU_ORDER", "PARENT_ID", "MENU_TYPE", "MENU_ACTIONS", "BUTTON_TYPE", "MENU_ICONCLS")
  VALUES('top1-sec1-third1-four6', '用户批量导入', NULL, '0', 0, 6, 'top1-sec1-third1', '9', 'uploadExcel.do|downExcel.do', 'banch', NULL)
GO
INSERT INTO "SYS_MENU_INFO"("MENU_ID", "MENU_NAME", "MENU_URL", "NEW_OPEN", "MENU_LEVER", "MENU_ORDER", "PARENT_ID", "MENU_TYPE", "MENU_ACTIONS", "BUTTON_TYPE", "MENU_ICONCLS")
  VALUES('top1-sec1-third2-four1', '角色添加', NULL, '0', 0, 1, 'top1-sec1-third2', '9', 'save.do|getAllMenuTree.do', 'add', NULL)
GO
INSERT INTO "SYS_MENU_INFO"("MENU_ID", "MENU_NAME", "MENU_URL", "NEW_OPEN", "MENU_LEVER", "MENU_ORDER", "PARENT_ID", "MENU_TYPE", "MENU_ACTIONS", "BUTTON_TYPE", "MENU_ICONCLS")
  VALUES('top1-sec1-third2-four2', '角色修改', NULL, '0', 0, 2, 'top1-sec1-third2', '9', 'save.do|getAllMenuTree.do|getMenuTreeByRoleId.do|getRoleById.do', 'edit', NULL)
GO
INSERT INTO "SYS_MENU_INFO"("MENU_ID", "MENU_NAME", "MENU_URL", "NEW_OPEN", "MENU_LEVER", "MENU_ORDER", "PARENT_ID", "MENU_TYPE", "MENU_ACTIONS", "BUTTON_TYPE", "MENU_ICONCLS")
  VALUES('top1-sec1-third2-four3', '角色删除', NULL, '0', 0, 3, 'top1-sec1-third2', '9', 'remove.do', 'drop', NULL)
GO
INSERT INTO "SYS_MENU_INFO"("MENU_ID", "MENU_NAME", "MENU_URL", "NEW_OPEN", "MENU_LEVER", "MENU_ORDER", "PARENT_ID", "MENU_TYPE", "MENU_ACTIONS", "BUTTON_TYPE", "MENU_ICONCLS")
  VALUES('top1', '系统管理', '', '0', 0, 0, '-1', '0', '', '', 'system')
GO
INSERT INTO "SYS_MENU_INFO"("MENU_ID", "MENU_NAME", "MENU_URL", "NEW_OPEN", "MENU_LEVER", "MENU_ORDER", "PARENT_ID", "MENU_TYPE", "MENU_ACTIONS", "BUTTON_TYPE", "MENU_ICONCLS")
  VALUES('40286681436aa77901436b6578810008', '公告管理', '', '0', NULL, 61, 'top1', '0', '', '', '')
GO
INSERT INTO "SYS_MENU_INFO"("MENU_ID", "MENU_NAME", "MENU_URL", "NEW_OPEN", "MENU_LEVER", "MENU_ORDER", "PARENT_ID", "MENU_TYPE", "MENU_ACTIONS", "BUTTON_TYPE", "MENU_ICONCLS")
  VALUES('top1-sec1-third1', '用户管理', '/user/list.do', '0', 1, 0, 'top1-sec1', '0', 'dataGrid.do', NULL, NULL)
GO
INSERT INTO "SYS_MENU_INFO"("MENU_ID", "MENU_NAME", "MENU_URL", "NEW_OPEN", "MENU_LEVER", "MENU_ORDER", "PARENT_ID", "MENU_TYPE", "MENU_ACTIONS", "BUTTON_TYPE", "MENU_ICONCLS")
  VALUES('top1-sec1-third2', '角色管理', '/role/list.do', '0', 1, 1, 'top1-sec1', '0', 'datagrid.do', NULL, 'icon-ok')
GO
INSERT INTO "SYS_MENU_INFO"("MENU_ID", "MENU_NAME", "MENU_URL", "NEW_OPEN", "MENU_LEVER", "MENU_ORDER", "PARENT_ID", "MENU_TYPE", "MENU_ACTIONS", "BUTTON_TYPE", "MENU_ICONCLS")
  VALUES('top1-sec1-third3', '机构管理', '/branch/list.do', '0', 1, 2, 'top1-sec1', '0', 'firstTreeNode.do|getChildNodeForTree.do', NULL, NULL)
GO
INSERT INTO "SYS_MENU_INFO"("MENU_ID", "MENU_NAME", "MENU_URL", "NEW_OPEN", "MENU_LEVER", "MENU_ORDER", "PARENT_ID", "MENU_TYPE", "MENU_ACTIONS", "BUTTON_TYPE", "MENU_ICONCLS")
  VALUES('top1-sec1-third4', '操作日志管理', '/operLog/list.do', '0', 0, 3, 'top1-sec1', '0', 'dataGrid.do|getAllOperType.do', '', '')
GO
INSERT INTO "SYS_MENU_INFO"("MENU_ID", "MENU_NAME", "MENU_URL", "NEW_OPEN", "MENU_LEVER", "MENU_ORDER", "PARENT_ID", "MENU_TYPE", "MENU_ACTIONS", "BUTTON_TYPE", "MENU_ICONCLS")
  VALUES('top1-sec1-third5', '公共代码管理', '/pubCode/list.do', '0', 0, 4, 'top1-sec2', '0', 'dataGrid.do', NULL, NULL)
GO
INSERT INTO "SYS_MENU_INFO"("MENU_ID", "MENU_NAME", "MENU_URL", "NEW_OPEN", "MENU_LEVER", "MENU_ORDER", "PARENT_ID", "MENU_TYPE", "MENU_ACTIONS", "BUTTON_TYPE", "MENU_ICONCLS")
  VALUES('40286681436aa77901436b65ebcd000a', '公告类型', '/annoType/list.do', '0', NULL, 611, '40286681436aa77901436b6578810008', '0', '', '', '')
GO
INSERT INTO "SYS_MENU_INFO"("MENU_ID", "MENU_NAME", "MENU_URL", "NEW_OPEN", "MENU_LEVER", "MENU_ORDER", "PARENT_ID", "MENU_TYPE", "MENU_ACTIONS", "BUTTON_TYPE", "MENU_ICONCLS")
  VALUES('40286681436aa77901436b66a328000d', '公告管理', '/anno/list.do', '0', NULL, 6111, '40286681436aa77901436b6578810008', '0', '', '', '')
GO
INSERT INTO "SYS_MENU_INFO"("MENU_ID", "MENU_NAME", "MENU_URL", "NEW_OPEN", "MENU_LEVER", "MENU_ORDER", "PARENT_ID", "MENU_TYPE", "MENU_ACTIONS", "BUTTON_TYPE", "MENU_ICONCLS")
  VALUES('40286681436f6b8601436f8a4ffa0008', '公告类型增加', '', '0', NULL, 1, '40286681436aa77901436b65ebcd000a', '9', 'save.do', 'add', '')
GO
INSERT INTO "SYS_MENU_INFO"("MENU_ID", "MENU_NAME", "MENU_URL", "NEW_OPEN", "MENU_LEVER", "MENU_ORDER", "PARENT_ID", "MENU_TYPE", "MENU_ACTIONS", "BUTTON_TYPE", "MENU_ICONCLS")
  VALUES('40286681436f6b8601436f8801a20003', '公告类型修改', '', '0', NULL, 2, '40286681436aa77901436b65ebcd000a', '9', 'getAnnoTypeById.do|save.do', 'edit', '')
GO
INSERT INTO "SYS_MENU_INFO"("MENU_ID", "MENU_NAME", "MENU_URL", "NEW_OPEN", "MENU_LEVER", "MENU_ORDER", "PARENT_ID", "MENU_TYPE", "MENU_ACTIONS", "BUTTON_TYPE", "MENU_ICONCLS")
  VALUES('40286681436f6b8601436f8b7133000a', '公告类型删除', '', '0', NULL, 3, '40286681436aa77901436b65ebcd000a', '9', 'delete.do', 'drop', '')
GO
INSERT INTO "SYS_MENU_INFO"("MENU_ID", "MENU_NAME", "MENU_URL", "NEW_OPEN", "MENU_LEVER", "MENU_ORDER", "PARENT_ID", "MENU_TYPE", "MENU_ACTIONS", "BUTTON_TYPE", "MENU_ICONCLS")
  VALUES('40286681436f6b8601436f8d2b94000f', '公告增加', '', '0', NULL, 1, '40286681436aa77901436b66a328000d', '9', 'save.do', 'add', '')
GO
INSERT INTO "SYS_MENU_INFO"("MENU_ID", "MENU_NAME", "MENU_URL", "NEW_OPEN", "MENU_LEVER", "MENU_ORDER", "PARENT_ID", "MENU_TYPE", "MENU_ACTIONS", "BUTTON_TYPE", "MENU_ICONCLS")
  VALUES('40286681436f6b8601436f8f12a20011', '公告修改', '', '0', NULL, 2, '40286681436aa77901436b66a328000d', '9', 'getAnnoById.do|getAcceInforUrl.do|save.do', 'edit', '')
GO
INSERT INTO "SYS_MENU_INFO"("MENU_ID", "MENU_NAME", "MENU_URL", "NEW_OPEN", "MENU_LEVER", "MENU_ORDER", "PARENT_ID", "MENU_TYPE", "MENU_ACTIONS", "BUTTON_TYPE", "MENU_ICONCLS")
  VALUES('40286681436f6b8601436f90085d0013', '公告删除', '', '0', NULL, 3, '40286681436aa77901436b66a328000d', '9', 'delete.do', 'drop', '')
GO
INSERT INTO "SYS_MENU_INFO"("MENU_ID", "MENU_NAME", "MENU_URL", "NEW_OPEN", "MENU_LEVER", "MENU_ORDER", "PARENT_ID", "MENU_TYPE", "MENU_ACTIONS", "BUTTON_TYPE", "MENU_ICONCLS")
  VALUES('402866814370821a0143709b08b80016', '系统首页', '/public/desktop.do', '0', NULL, 1, 'top1', '1', 'dataGrid.do', '', '')
GO
INSERT INTO "SYS_MENU_INFO"("MENU_ID", "MENU_NAME", "MENU_URL", "NEW_OPEN", "MENU_LEVER", "MENU_ORDER", "PARENT_ID", "MENU_TYPE", "MENU_ACTIONS", "BUTTON_TYPE", "MENU_ICONCLS")
  VALUES('402866814370821a014370b6c025002c', '公告信息', '/anno/annoRead.do', '0', NULL, 4, '40286681436aa77901436b66a328000d', '1', '', '', '')
GO
INSERT INTO "SYS_MENU_INFO"("MENU_ID", "MENU_NAME", "MENU_URL", "NEW_OPEN", "MENU_LEVER", "MENU_ORDER", "PARENT_ID", "MENU_TYPE", "MENU_ACTIONS", "BUTTON_TYPE", "MENU_ICONCLS")
  VALUES('402866814370821a014370afdedf0023', '公告首页', '/anno/dataGrid.do', '0', NULL, 3, '40286681436aa77901436b66a328000d', '1', '', '', '')
GO
INSERT INTO "SYS_MENU_INFO"("MENU_ID", "MENU_NAME", "MENU_URL", "NEW_OPEN", "MENU_LEVER", "MENU_ORDER", "PARENT_ID", "MENU_TYPE", "MENU_ACTIONS", "BUTTON_TYPE", "MENU_ICONCLS")
  VALUES('402866814370821a014370b7ee8f0030', '公告详细信息', '/anno/getAcceInforUrl.do', '0', NULL, 5, '40286681436aa77901436b66a328000d', '1', '', '', '')
GO
INSERT INTO "SYS_MENU_INFO"("MENU_ID", "MENU_NAME", "MENU_URL", "NEW_OPEN", "MENU_LEVER", "MENU_ORDER", "PARENT_ID", "MENU_TYPE", "MENU_ACTIONS", "BUTTON_TYPE", "MENU_ICONCLS")
  VALUES('402866814370821a014370b8be0c0034', '公告信息下载', '/anno/download.do', '0', NULL, 6, '40286681436aa77901436b66a328000d', '1', '', '', '')
GO
INSERT INTO "SYS_MENU_ROLE_REL"("ROLE_ID", "MENU_ID")
  VALUES('role_admin', 'top1-sec1')
GO
INSERT INTO "SYS_MENU_ROLE_REL"("ROLE_ID", "MENU_ID")
  VALUES('role_admin', 'top1-sec2')
GO
INSERT INTO "SYS_MENU_ROLE_REL"("ROLE_ID", "MENU_ID")
  VALUES('role_admin', 'top1-sec1-third8')
GO
INSERT INTO "SYS_MENU_ROLE_REL"("ROLE_ID", "MENU_ID")
  VALUES('role_admin', 'top1-sec1-third3-four1')
GO
INSERT INTO "SYS_MENU_ROLE_REL"("ROLE_ID", "MENU_ID")
  VALUES('role_admin', 'top1-sec1-third7')
GO
INSERT INTO "SYS_MENU_ROLE_REL"("ROLE_ID", "MENU_ID")
  VALUES('role_admin', 'top1-sec1-third1-four1')
GO
INSERT INTO "SYS_MENU_ROLE_REL"("ROLE_ID", "MENU_ID")
  VALUES('role_admin', 'top1-sec1-third1-four2')
GO
INSERT INTO "SYS_MENU_ROLE_REL"("ROLE_ID", "MENU_ID")
  VALUES('role_admin', 'top1-sec1-third4-four1')
GO
INSERT INTO "SYS_MENU_ROLE_REL"("ROLE_ID", "MENU_ID")
  VALUES('role_admin', 'top1-sec1-third3-four2')
GO
INSERT INTO "SYS_MENU_ROLE_REL"("ROLE_ID", "MENU_ID")
  VALUES('role_admin', 'top1-sec1-third3-four3')
GO
INSERT INTO "SYS_MENU_ROLE_REL"("ROLE_ID", "MENU_ID")
  VALUES('role_admin', 'top1-sec1-third7-four1')
GO
INSERT INTO "SYS_MENU_ROLE_REL"("ROLE_ID", "MENU_ID")
  VALUES('role_admin', 'top1-sec1-third7-four2')
GO
INSERT INTO "SYS_MENU_ROLE_REL"("ROLE_ID", "MENU_ID")
  VALUES('role_admin', 'top1-sec1-third7-four3')
GO
INSERT INTO "SYS_MENU_ROLE_REL"("ROLE_ID", "MENU_ID")
  VALUES('role_admin', 'top1-sec1-third5-four1')
GO
INSERT INTO "SYS_MENU_ROLE_REL"("ROLE_ID", "MENU_ID")
  VALUES('role_admin', 'top1-sec1-third5-four2')
GO
INSERT INTO "SYS_MENU_ROLE_REL"("ROLE_ID", "MENU_ID")
  VALUES('role_admin', 'top1-sec1-third5-four3')
GO
INSERT INTO "SYS_MENU_ROLE_REL"("ROLE_ID", "MENU_ID")
  VALUES('role_admin', 'top1-sec1-third1-four3')
GO
INSERT INTO "SYS_MENU_ROLE_REL"("ROLE_ID", "MENU_ID")
  VALUES('role_admin', 'top1-sec1-third1-four4')
GO
INSERT INTO "SYS_MENU_ROLE_REL"("ROLE_ID", "MENU_ID")
  VALUES('role_admin', 'top1-sec1-third1-four5')
GO
INSERT INTO "SYS_MENU_ROLE_REL"("ROLE_ID", "MENU_ID")
  VALUES('role_admin', 'top1-sec1-third1-four6')
GO
INSERT INTO "SYS_MENU_ROLE_REL"("ROLE_ID", "MENU_ID")
  VALUES('role_admin', 'top1-sec1-third2-four1')
GO
INSERT INTO "SYS_MENU_ROLE_REL"("ROLE_ID", "MENU_ID")
  VALUES('role_admin', 'top1-sec1-third2-four2')
GO
INSERT INTO "SYS_MENU_ROLE_REL"("ROLE_ID", "MENU_ID")
  VALUES('role_admin', 'top1-sec1-third2-four3')
GO
INSERT INTO "SYS_MENU_ROLE_REL"("ROLE_ID", "MENU_ID")
  VALUES('role_admin', 'top1')
GO
INSERT INTO "SYS_MENU_ROLE_REL"("ROLE_ID", "MENU_ID")
  VALUES('role_admin', '40286681436aa77901436b6578810008')
GO
INSERT INTO "SYS_MENU_ROLE_REL"("ROLE_ID", "MENU_ID")
  VALUES('role_admin', 'top1-sec1-third1')
GO
INSERT INTO "SYS_MENU_ROLE_REL"("ROLE_ID", "MENU_ID")
  VALUES('role_admin', 'top1-sec1-third2')
GO
INSERT INTO "SYS_MENU_ROLE_REL"("ROLE_ID", "MENU_ID")
  VALUES('role_admin', 'top1-sec1-third3')
GO
INSERT INTO "SYS_MENU_ROLE_REL"("ROLE_ID", "MENU_ID")
  VALUES('role_admin', 'top1-sec1-third4')
GO
INSERT INTO "SYS_MENU_ROLE_REL"("ROLE_ID", "MENU_ID")
  VALUES('role_admin', 'top1-sec1-third5')
GO
INSERT INTO "SYS_MENU_ROLE_REL"("ROLE_ID", "MENU_ID")
  VALUES('role_admin', '40286681436aa77901436b65ebcd000a')
GO
INSERT INTO "SYS_MENU_ROLE_REL"("ROLE_ID", "MENU_ID")
  VALUES('role_admin', '40286681436aa77901436b66a328000d')
GO
INSERT INTO "SYS_MENU_ROLE_REL"("ROLE_ID", "MENU_ID")
  VALUES('role_admin', '40286681436f6b8601436f8a4ffa0008')
GO
INSERT INTO "SYS_MENU_ROLE_REL"("ROLE_ID", "MENU_ID")
  VALUES('role_admin', '40286681436f6b8601436f8801a20003')
GO
INSERT INTO "SYS_MENU_ROLE_REL"("ROLE_ID", "MENU_ID")
  VALUES('role_admin', '40286681436f6b8601436f8b7133000a')
GO
INSERT INTO "SYS_MENU_ROLE_REL"("ROLE_ID", "MENU_ID")
  VALUES('role_admin', '40286681436f6b8601436f8d2b94000f')
GO
INSERT INTO "SYS_MENU_ROLE_REL"("ROLE_ID", "MENU_ID")
  VALUES('role_admin', '40286681436f6b8601436f8f12a20011')
GO
INSERT INTO "SYS_MENU_ROLE_REL"("ROLE_ID", "MENU_ID")
  VALUES('role_admin', '40286681436f6b8601436f90085d0013')
GO
INSERT INTO "SYS_MENU_ROLE_REL"("ROLE_ID", "MENU_ID")
  VALUES('40285c813d7b3ced013d7b45cf8c0003', 'top1-sec1')
GO
INSERT INTO "SYS_MENU_ROLE_REL"("ROLE_ID", "MENU_ID")
  VALUES('40285c813d7b3ced013d7b45cf8c0003', 'top1-sec1-third8')
GO
INSERT INTO "SYS_MENU_ROLE_REL"("ROLE_ID", "MENU_ID")
  VALUES('40285c813d7b3ced013d7b45cf8c0003', 'top1-sec1-third3-four1')
GO
INSERT INTO "SYS_MENU_ROLE_REL"("ROLE_ID", "MENU_ID")
  VALUES('40285c813d7b3ced013d7b45cf8c0003', 'top1-sec1-third7')
GO
INSERT INTO "SYS_MENU_ROLE_REL"("ROLE_ID", "MENU_ID")
  VALUES('40285c813d7b3ced013d7b45cf8c0003', 'top1-sec1-third1-four1')
GO
INSERT INTO "SYS_MENU_ROLE_REL"("ROLE_ID", "MENU_ID")
  VALUES('40285c813d7b3ced013d7b45cf8c0003', 'top1-sec1-third1-four2')
GO
INSERT INTO "SYS_MENU_ROLE_REL"("ROLE_ID", "MENU_ID")
  VALUES('40285c813d7b3ced013d7b45cf8c0003', 'top1-sec1-third4-four1')
GO
INSERT INTO "SYS_MENU_ROLE_REL"("ROLE_ID", "MENU_ID")
  VALUES('40285c813d7b3ced013d7b45cf8c0003', 'top1-sec1-third3-four2')
GO
INSERT INTO "SYS_MENU_ROLE_REL"("ROLE_ID", "MENU_ID")
  VALUES('40285c813d7b3ced013d7b45cf8c0003', 'top1-sec1-third7-four1')
GO
INSERT INTO "SYS_MENU_ROLE_REL"("ROLE_ID", "MENU_ID")
  VALUES('40285c813d7b3ced013d7b45cf8c0003', 'top1-sec1-third7-four2')
GO
INSERT INTO "SYS_MENU_ROLE_REL"("ROLE_ID", "MENU_ID")
  VALUES('40285c813d7b3ced013d7b45cf8c0003', 'top1-sec1-third7-four3')
GO
INSERT INTO "SYS_MENU_ROLE_REL"("ROLE_ID", "MENU_ID")
  VALUES('40285c813d7b3ced013d7b45cf8c0003', 'top1-sec1-third1-four3')
GO
INSERT INTO "SYS_MENU_ROLE_REL"("ROLE_ID", "MENU_ID")
  VALUES('40285c813d7b3ced013d7b45cf8c0003', 'top1-sec1-third1-four4')
GO
INSERT INTO "SYS_MENU_ROLE_REL"("ROLE_ID", "MENU_ID")
  VALUES('40285c813d7b3ced013d7b45cf8c0003', 'top1-sec1-third1-four5')
GO
INSERT INTO "SYS_MENU_ROLE_REL"("ROLE_ID", "MENU_ID")
  VALUES('40285c813d7b3ced013d7b45cf8c0003', 'top1-sec1-third1-four6')
GO
INSERT INTO "SYS_MENU_ROLE_REL"("ROLE_ID", "MENU_ID")
  VALUES('40285c813d7b3ced013d7b45cf8c0003', 'top1-sec1-third2-four1')
GO
INSERT INTO "SYS_MENU_ROLE_REL"("ROLE_ID", "MENU_ID")
  VALUES('40285c813d7b3ced013d7b45cf8c0003', 'top1-sec1-third2-four2')
GO
INSERT INTO "SYS_MENU_ROLE_REL"("ROLE_ID", "MENU_ID")
  VALUES('40285c813d7b3ced013d7b45cf8c0003', 'top1-sec1-third2-four3')
GO
INSERT INTO "SYS_MENU_ROLE_REL"("ROLE_ID", "MENU_ID")
  VALUES('40285c813d7b3ced013d7b45cf8c0003', 'top1')
GO
INSERT INTO "SYS_MENU_ROLE_REL"("ROLE_ID", "MENU_ID")
  VALUES('40285c813d7b3ced013d7b45cf8c0003', 'top1-sec1-third1')
GO
INSERT INTO "SYS_MENU_ROLE_REL"("ROLE_ID", "MENU_ID")
  VALUES('40285c813d7b3ced013d7b45cf8c0003', 'top1-sec1-third2')
GO
INSERT INTO "SYS_MENU_ROLE_REL"("ROLE_ID", "MENU_ID")
  VALUES('40285c813d7b3ced013d7b45cf8c0003', 'top1-sec1-third3')
GO
INSERT INTO "SYS_MENU_ROLE_REL"("ROLE_ID", "MENU_ID")
  VALUES('40285c813d7b3ced013d7b45cf8c0003', 'top1-sec1-third4')
GO
INSERT INTO "SYS_MENU_ROLE_REL"("ROLE_ID", "MENU_ID")
  VALUES('40285c813d7b3ced013d7b45cf8c0003', '402866814370821a0143709b08b80016')
GO
INSERT INTO "SYS_MENU_ROLE_REL"("ROLE_ID", "MENU_ID")
  VALUES('40285c813d7b3ced013d7b45cf8c0003', '402866814370821a014370b6c025002c')
GO
INSERT INTO "SYS_MENU_ROLE_REL"("ROLE_ID", "MENU_ID")
  VALUES('40285c813d7b3ced013d7b45cf8c0003', '402866814370821a014370afdedf0023')
GO
INSERT INTO "SYS_MENU_ROLE_REL"("ROLE_ID", "MENU_ID")
  VALUES('40285c813d7b3ced013d7b45cf8c0003', '402866814370821a014370b7ee8f0030')
GO
INSERT INTO "SYS_MENU_ROLE_REL"("ROLE_ID", "MENU_ID")
  VALUES('40285c813d7b3ced013d7b45cf8c0003', '402866814370821a014370b8be0c0034')
GO
INSERT INTO "SYS_OPERLOG_INFO"("LOG_ID", "LOGIN_NAME", "LOGIN_IP", "OPER_TIME", "OPER_CONTENT", "OPER_TYPE")
  VALUES('402866814366efa7014366f0cf660000', 'admin', '127.0.0.1', '2014-01-06 17:44:54.328', '用户登录成功', 'SYS_SYSTEM_LOGIN')
GO
INSERT INTO "SYS_OPERLOG_INFO"("LOG_ID", "LOGIN_NAME", "LOGIN_IP", "OPER_TIME", "OPER_CONTENT", "OPER_TYPE")
  VALUES('402866814366efa7014366f109080001', 'admin', '127.0.0.1', '2014-01-06 17:45:09.127', '用户登录成功', 'SYS_SYSTEM_LOGIN')
GO
INSERT INTO "SYS_OPERLOG_INFO"("LOG_ID", "LOGIN_NAME", "LOGIN_IP", "OPER_TIME", "OPER_CONTENT", "OPER_TYPE")
  VALUES('402866814366efa7014366f6d4b10002', 'admin', '127.0.0.1', '2014-01-06 17:51:28.944', '用户登录成功', 'SYS_SYSTEM_LOGIN')
GO
INSERT INTO "SYS_OPERLOG_INFO"("LOG_ID", "LOGIN_NAME", "LOGIN_IP", "OPER_TIME", "OPER_CONTENT", "OPER_TYPE")
  VALUES('40286681436a7cf201436a7da5d10000', 'admin', '127.0.0.1', '2014-01-07 10:17:35.945', '用户登录成功', 'SYS_SYSTEM_LOGIN')
GO
INSERT INTO "SYS_OPERLOG_INFO"("LOG_ID", "LOGIN_NAME", "LOGIN_IP", "OPER_TIME", "OPER_CONTENT", "OPER_TYPE")
  VALUES('40286681436a7cf201436a8825bd0001', 'admin', '127.0.0.1', '2014-01-07 10:29:04.061', '用户登录成功', 'SYS_SYSTEM_LOGIN')
GO
INSERT INTO "SYS_OPERLOG_INFO"("LOG_ID", "LOGIN_NAME", "LOGIN_IP", "OPER_TIME", "OPER_CONTENT", "OPER_TYPE")
  VALUES('40286681436aa77901436aa81a540000', 'admin', '127.0.0.1', '2014-01-07 11:03:58.287', '用户登录成功', 'SYS_SYSTEM_LOGIN')
GO
INSERT INTO "SYS_OPERLOG_INFO"("LOG_ID", "LOGIN_NAME", "LOGIN_IP", "OPER_TIME", "OPER_CONTENT", "OPER_TYPE")
  VALUES('40286681436aa77901436b362bdf0001', 'admin', '127.0.0.1', '2014-01-07 13:39:08.894', '用户登录成功', 'SYS_SYSTEM_LOGIN')
GO
INSERT INTO "SYS_OPERLOG_INFO"("LOG_ID", "LOGIN_NAME", "LOGIN_IP", "OPER_TIME", "OPER_CONTENT", "OPER_TYPE")
  VALUES('40286681436aa77901436b37702e0002', 'admin', '127.0.0.1', '2014-01-07 13:40:31.918', '管理员角色', 'SYS_ROLE_UPDATE')
GO
INSERT INTO "SYS_OPERLOG_INFO"("LOG_ID", "LOGIN_NAME", "LOGIN_IP", "OPER_TIME", "OPER_CONTENT", "OPER_TYPE")
  VALUES('40286681436aa77901436b37d9df0003', 'admin', '127.0.0.1', '2014-01-07 13:40:58.975', '用户登录成功', 'SYS_SYSTEM_LOGIN')
GO
INSERT INTO "SYS_OPERLOG_INFO"("LOG_ID", "LOGIN_NAME", "LOGIN_IP", "OPER_TIME", "OPER_CONTENT", "OPER_TYPE")
  VALUES('40286681436aa77901436b38d2ef0004', 'admin', '127.0.0.1', '2014-01-07 13:42:02.735', '管理员角色', 'SYS_ROLE_UPDATE')
GO
INSERT INTO "SYS_OPERLOG_INFO"("LOG_ID", "LOGIN_NAME", "LOGIN_IP", "OPER_TIME", "OPER_CONTENT", "OPER_TYPE")
  VALUES('40286681436aa77901436b3a9d700005', 'admin', '127.0.0.1', '2014-01-07 13:44:00.112', '系统管理', 'SYS_MENU_UPDATE')
GO
INSERT INTO "SYS_OPERLOG_INFO"("LOG_ID", "LOGIN_NAME", "LOGIN_IP", "OPER_TIME", "OPER_CONTENT", "OPER_TYPE")
  VALUES('40286681436aa77901436b3abc870006', 'admin', '127.0.0.1', '2014-01-07 13:44:08.071', '用户登录成功', 'SYS_SYSTEM_LOGIN')
GO
INSERT INTO "SYS_OPERLOG_INFO"("LOG_ID", "LOGIN_NAME", "LOGIN_IP", "OPER_TIME", "OPER_CONTENT", "OPER_TYPE")
  VALUES('40286681436aa77901436b64acc60007', 'admin', '127.0.0.1', '2014-01-07 14:29:56.549', '参数设置', 'SYS_MENU_DELETE')
GO
INSERT INTO "SYS_OPERLOG_INFO"("LOG_ID", "LOGIN_NAME", "LOGIN_IP", "OPER_TIME", "OPER_CONTENT", "OPER_TYPE")
  VALUES('40286681436aa77901436b6578820009', 'admin', '127.0.0.1', '2014-01-07 14:30:48.706', '公告管理', 'SYS_MENU_INSERT')
GO
INSERT INTO "SYS_OPERLOG_INFO"("LOG_ID", "LOGIN_NAME", "LOGIN_IP", "OPER_TIME", "OPER_CONTENT", "OPER_TYPE")
  VALUES('40286681436aa77901436b65ebcd000b', 'admin', '127.0.0.1', '2014-01-07 14:31:18.221', '公告类型', 'SYS_MENU_INSERT')
GO
INSERT INTO "SYS_OPERLOG_INFO"("LOG_ID", "LOGIN_NAME", "LOGIN_IP", "OPER_TIME", "OPER_CONTENT", "OPER_TYPE")
  VALUES('40286681436aa77901436b661116000c', 'admin', '127.0.0.1', '2014-01-07 14:31:27.766', '公告管理', 'SYS_MENU_UPDATE')
GO
INSERT INTO "SYS_OPERLOG_INFO"("LOG_ID", "LOGIN_NAME", "LOGIN_IP", "OPER_TIME", "OPER_CONTENT", "OPER_TYPE")
  VALUES('40286681436aa77901436b66a328000e', 'admin', '127.0.0.1', '2014-01-07 14:32:05.16', '公告管理', 'SYS_MENU_INSERT')
GO
INSERT INTO "SYS_OPERLOG_INFO"("LOG_ID", "LOGIN_NAME", "LOGIN_IP", "OPER_TIME", "OPER_CONTENT", "OPER_TYPE")
  VALUES('40286681436aa77901436b66e298000f', 'admin', '127.0.0.1', '2014-01-07 14:32:21.4', '管理员角色', 'SYS_ROLE_UPDATE')
GO
INSERT INTO "SYS_OPERLOG_INFO"("LOG_ID", "LOGIN_NAME", "LOGIN_IP", "OPER_TIME", "OPER_CONTENT", "OPER_TYPE")
  VALUES('40286681436aa77901436b672b8b0010', 'admin', '127.0.0.1', '2014-01-07 14:32:40.075', '用户登录成功', 'SYS_SYSTEM_LOGIN')
GO
INSERT INTO "SYS_OPERLOG_INFO"("LOG_ID", "LOGIN_NAME", "LOGIN_IP", "OPER_TIME", "OPER_CONTENT", "OPER_TYPE")
  VALUES('40286681436aa77901436b8995150012', 'admin', '127.0.0.1', '2014-01-07 15:10:15.317', '添加公告类型系统公告', 'SYS_SYSANNOTYPEINFO_INSERT')
GO
INSERT INTO "SYS_OPERLOG_INFO"("LOG_ID", "LOGIN_NAME", "LOGIN_IP", "OPER_TIME", "OPER_CONTENT", "OPER_TYPE")
  VALUES('40286681436aa77901436b8a1b1b0014', 'admin', '127.0.0.1', '2014-01-07 15:10:49.627', '添加公告工程公告测试1', 'SYS_SYSPROJECTANNOINFO_INSERT')
GO
INSERT INTO "SYS_OPERLOG_INFO"("LOG_ID", "LOGIN_NAME", "LOGIN_IP", "OPER_TIME", "OPER_CONTENT", "OPER_TYPE")
  VALUES('40286681436b9abf01436b9bb7170000', 'admin', '127.0.0.1', '2014-01-07 15:30:03.666', '用户登录成功', 'SYS_SYSTEM_LOGIN')
GO
INSERT INTO "SYS_OPERLOG_INFO"("LOG_ID", "LOGIN_NAME", "LOGIN_IP", "OPER_TIME", "OPER_CONTENT", "OPER_TYPE")
  VALUES('40286681436bc1f101436bc28d200000', 'admin', '127.0.0.1', '2014-01-07 16:12:28.826', '用户登录成功', 'SYS_SYSTEM_LOGIN')
GO
INSERT INTO "SYS_OPERLOG_INFO"("LOG_ID", "LOGIN_NAME", "LOGIN_IP", "OPER_TIME", "OPER_CONTENT", "OPER_TYPE")
  VALUES('40286681436bd11601436bd152bc0000', 'admin', '127.0.0.1', '2014-01-07 16:28:36.919', '用户登录成功', 'SYS_SYSTEM_LOGIN')
GO
INSERT INTO "SYS_OPERLOG_INFO"("LOG_ID", "LOGIN_NAME", "LOGIN_IP", "OPER_TIME", "OPER_CONTENT", "OPER_TYPE")
  VALUES('40286681436bda1d01436bda67710000', 'admin', '127.0.0.1', '2014-01-07 16:38:32.043', '用户登录成功', 'SYS_SYSTEM_LOGIN')
GO
INSERT INTO "SYS_OPERLOG_INFO"("LOG_ID", "LOGIN_NAME", "LOGIN_IP", "OPER_TIME", "OPER_CONTENT", "OPER_TYPE")
  VALUES('40286681436bdd7201436bddc1e90000', 'admin', '127.0.0.1', '2014-01-07 16:42:11.812', '用户登录成功', 'SYS_SYSTEM_LOGIN')
GO
INSERT INTO "SYS_OPERLOG_INFO"("LOG_ID", "LOGIN_NAME", "LOGIN_IP", "OPER_TIME", "OPER_CONTENT", "OPER_TYPE")
  VALUES('40286681436bdf1501436bdf63fa0000', 'admin', '127.0.0.1', '2014-01-07 16:43:58.838', '用户登录成功', 'SYS_SYSTEM_LOGIN')
GO
INSERT INTO "SYS_OPERLOG_INFO"("LOG_ID", "LOGIN_NAME", "LOGIN_IP", "OPER_TIME", "OPER_CONTENT", "OPER_TYPE")
  VALUES('40286681436bdf1501436be1be240001', 'admin', '127.0.0.1', '2014-01-07 16:46:32.996', '更新公告工程公告测试1', 'SYS_SYSPROJECTANNOINFO_UPDATE')
GO
INSERT INTO "SYS_OPERLOG_INFO"("LOG_ID", "LOGIN_NAME", "LOGIN_IP", "OPER_TIME", "OPER_CONTENT", "OPER_TYPE")
  VALUES('40286681436bdf1501436be4f7770002', 'admin', '127.0.0.1', '2014-01-07 16:50:04.279', '更新公告工程公告测试1', 'SYS_SYSPROJECTANNOINFO_UPDATE')
GO
INSERT INTO "SYS_OPERLOG_INFO"("LOG_ID", "LOGIN_NAME", "LOGIN_IP", "OPER_TIME", "OPER_CONTENT", "OPER_TYPE")
  VALUES('40286681436bf26001436bf2985d0000', 'admin', '127.0.0.1', '2014-01-07 17:04:57.431', '用户登录成功', 'SYS_SYSTEM_LOGIN')
GO
INSERT INTO "SYS_OPERLOG_INFO"("LOG_ID", "LOGIN_NAME", "LOGIN_IP", "OPER_TIME", "OPER_CONTENT", "OPER_TYPE")
  VALUES('40286681436bfadf01436bfb98f30000', 'admin', '127.0.0.1', '2014-01-07 17:14:47.406', '用户登录成功', 'SYS_SYSTEM_LOGIN')
GO
INSERT INTO "SYS_OPERLOG_INFO"("LOG_ID", "LOGIN_NAME", "LOGIN_IP", "OPER_TIME", "OPER_CONTENT", "OPER_TYPE")
  VALUES('40286681436c09ad01436c0a14e70000', 'admin', '127.0.0.1', '2014-01-07 17:30:36.643', '用户登录成功', 'SYS_SYSTEM_LOGIN')
GO
INSERT INTO "SYS_OPERLOG_INFO"("LOG_ID", "LOGIN_NAME", "LOGIN_IP", "OPER_TIME", "OPER_CONTENT", "OPER_TYPE")
  VALUES('40286681436c24f301436c2552a90000', 'admin', '127.0.0.1', '2014-01-07 18:00:21.924', '用户登录成功', 'SYS_SYSTEM_LOGIN')
GO
INSERT INTO "SYS_OPERLOG_INFO"("LOG_ID", "LOGIN_NAME", "LOGIN_IP", "OPER_TIME", "OPER_CONTENT", "OPER_TYPE")
  VALUES('40286681436c284701436c2887340000', 'admin', '127.0.0.1', '2014-01-07 18:03:51.981', '用户登录成功', 'SYS_SYSTEM_LOGIN')
GO
INSERT INTO "SYS_OPERLOG_INFO"("LOG_ID", "LOGIN_NAME", "LOGIN_IP", "OPER_TIME", "OPER_CONTENT", "OPER_TYPE")
  VALUES('40286681436f6b8601436f6dac560000', 'admin', '127.0.0.1', '2014-01-08 09:18:15.113', '用户登录成功', 'SYS_SYSTEM_LOGIN')
GO
INSERT INTO "SYS_OPERLOG_INFO"("LOG_ID", "LOGIN_NAME", "LOGIN_IP", "OPER_TIME", "OPER_CONTENT", "OPER_TYPE")
  VALUES('40286681436f6b8601436f86f40a0002', 'admin', '127.0.0.1', '2014-01-08 09:45:51.882', '公告类型增加', 'SYS_MENU_INSERT')
GO
INSERT INTO "SYS_OPERLOG_INFO"("LOG_ID", "LOGIN_NAME", "LOGIN_IP", "OPER_TIME", "OPER_CONTENT", "OPER_TYPE")
  VALUES('40286681436f6b8601436f8801a30004', 'admin', '127.0.0.1', '2014-01-08 09:47:00.899', '公告类型增加', 'SYS_MENU_INSERT')
GO
INSERT INTO "SYS_OPERLOG_INFO"("LOG_ID", "LOGIN_NAME", "LOGIN_IP", "OPER_TIME", "OPER_CONTENT", "OPER_TYPE")
  VALUES('40286681436f6b8601436f8816630005', 'admin', '127.0.0.1', '2014-01-08 09:47:06.211', '公告类型增加', 'SYS_MENU_DELETE')
GO
INSERT INTO "SYS_OPERLOG_INFO"("LOG_ID", "LOGIN_NAME", "LOGIN_IP", "OPER_TIME", "OPER_CONTENT", "OPER_TYPE")
  VALUES('40286681436f6b8601436f883c280006', 'admin', '127.0.0.1', '2014-01-08 09:47:15.88', '公告类型增加', 'SYS_MENU_UPDATE')
GO
INSERT INTO "SYS_OPERLOG_INFO"("LOG_ID", "LOGIN_NAME", "LOGIN_IP", "OPER_TIME", "OPER_CONTENT", "OPER_TYPE")
  VALUES('40286681436f6b8601436f89ef260007', 'admin', '127.0.0.1', '2014-01-08 09:49:07.238', '公告类型修改', 'SYS_MENU_UPDATE')
GO
INSERT INTO "SYS_OPERLOG_INFO"("LOG_ID", "LOGIN_NAME", "LOGIN_IP", "OPER_TIME", "OPER_CONTENT", "OPER_TYPE")
  VALUES('40286681436f6b8601436f8a4ffb0009', 'admin', '127.0.0.1', '2014-01-08 09:49:32.027', '公告类型增加', 'SYS_MENU_INSERT')
GO
INSERT INTO "SYS_OPERLOG_INFO"("LOG_ID", "LOGIN_NAME", "LOGIN_IP", "OPER_TIME", "OPER_CONTENT", "OPER_TYPE")
  VALUES('40286681436f6b8601436f8b7133000b', 'admin', '127.0.0.1', '2014-01-08 09:50:46.067', '公告类型删除', 'SYS_MENU_INSERT')
GO
INSERT INTO "SYS_OPERLOG_INFO"("LOG_ID", "LOGIN_NAME", "LOGIN_IP", "OPER_TIME", "OPER_CONTENT", "OPER_TYPE")
  VALUES('40286681436f6b8601436f8c1076000d', 'admin', '127.0.0.1', '2014-01-08 09:51:26.838', '公告增加', 'SYS_MENU_INSERT')
GO
INSERT INTO "SYS_OPERLOG_INFO"("LOG_ID", "LOGIN_NAME", "LOGIN_IP", "OPER_TIME", "OPER_CONTENT", "OPER_TYPE")
  VALUES('40286681436f6b8601436f8c2761000e', 'admin', '127.0.0.1', '2014-01-08 09:51:32.705', '公告增加', 'SYS_MENU_DELETE')
GO
INSERT INTO "SYS_OPERLOG_INFO"("LOG_ID", "LOGIN_NAME", "LOGIN_IP", "OPER_TIME", "OPER_CONTENT", "OPER_TYPE")
  VALUES('40286681436f6b8601436f8d2b940010', 'admin', '127.0.0.1', '2014-01-08 09:52:39.316', '公告增加', 'SYS_MENU_INSERT')
GO
INSERT INTO "SYS_OPERLOG_INFO"("LOG_ID", "LOGIN_NAME", "LOGIN_IP", "OPER_TIME", "OPER_CONTENT", "OPER_TYPE")
  VALUES('40286681436f6b8601436f8f12a20012', 'admin', '127.0.0.1', '2014-01-08 09:54:44.002', '公告修改', 'SYS_MENU_INSERT')
GO
INSERT INTO "SYS_OPERLOG_INFO"("LOG_ID", "LOGIN_NAME", "LOGIN_IP", "OPER_TIME", "OPER_CONTENT", "OPER_TYPE")
  VALUES('40286681436f6b8601436f90085e0014', 'admin', '127.0.0.1', '2014-01-08 09:55:46.91', '公告删除', 'SYS_MENU_INSERT')
GO
INSERT INTO "SYS_OPERLOG_INFO"("LOG_ID", "LOGIN_NAME", "LOGIN_IP", "OPER_TIME", "OPER_CONTENT", "OPER_TYPE")
  VALUES('40286681436f6b8601436f9191fe0015', 'admin', '127.0.0.1', '2014-01-08 09:57:27.678', '公告类型修改', 'SYS_MENU_UPDATE')
GO
INSERT INTO "SYS_OPERLOG_INFO"("LOG_ID", "LOGIN_NAME", "LOGIN_IP", "OPER_TIME", "OPER_CONTENT", "OPER_TYPE")
  VALUES('40286681436f6b8601436f92545d0016', 'admin', '127.0.0.1', '2014-01-08 09:58:17.437', '公告类型增加', 'SYS_MENU_UPDATE')
GO
INSERT INTO "SYS_OPERLOG_INFO"("LOG_ID", "LOGIN_NAME", "LOGIN_IP", "OPER_TIME", "OPER_CONTENT", "OPER_TYPE")
  VALUES('40286681436f6b8601436f92ad920017', 'admin', '127.0.0.1', '2014-01-08 09:58:40.274', '公告类型删除', 'SYS_MENU_UPDATE')
GO
INSERT INTO "SYS_OPERLOG_INFO"("LOG_ID", "LOGIN_NAME", "LOGIN_IP", "OPER_TIME", "OPER_CONTENT", "OPER_TYPE")
  VALUES('40286681436f6b8601436f9314930018', 'admin', '127.0.0.1', '2014-01-08 09:59:06.643', '公告增加', 'SYS_MENU_UPDATE')
GO
INSERT INTO "SYS_OPERLOG_INFO"("LOG_ID", "LOGIN_NAME", "LOGIN_IP", "OPER_TIME", "OPER_CONTENT", "OPER_TYPE")
  VALUES('40286681436f6b8601436f93beec0019', 'admin', '127.0.0.1', '2014-01-08 09:59:50.252', '菜单修改', 'SYS_MENU_UPDATE')
GO
INSERT INTO "SYS_OPERLOG_INFO"("LOG_ID", "LOGIN_NAME", "LOGIN_IP", "OPER_TIME", "OPER_CONTENT", "OPER_TYPE")
  VALUES('40286681436f6b8601436f93f509001a', 'admin', '127.0.0.1', '2014-01-08 10:00:04.105', '菜单删除', 'SYS_MENU_UPDATE')
GO
INSERT INTO "SYS_OPERLOG_INFO"("LOG_ID", "LOGIN_NAME", "LOGIN_IP", "OPER_TIME", "OPER_CONTENT", "OPER_TYPE")
  VALUES('40286681436f6b8601436f948301001b', 'admin', '127.0.0.1', '2014-01-08 10:00:40.449', '管理员角色', 'SYS_ROLE_UPDATE')
GO
INSERT INTO "SYS_OPERLOG_INFO"("LOG_ID", "LOGIN_NAME", "LOGIN_IP", "OPER_TIME", "OPER_CONTENT", "OPER_TYPE")
  VALUES('40286681436f9d7a01436fb686920000', 'admin', '127.0.0.1', '2014-01-08 10:37:49.581', '用户登录成功', 'SYS_SYSTEM_LOGIN')
GO
INSERT INTO "SYS_OPERLOG_INFO"("LOG_ID", "LOGIN_NAME", "LOGIN_IP", "OPER_TIME", "OPER_CONTENT", "OPER_TYPE")
  VALUES('40286681436fbd6501436fbe27740000', 'admin', '127.0.0.1', '2014-01-08 10:46:09.52', '用户登录成功', 'SYS_SYSTEM_LOGIN')
GO
INSERT INTO "SYS_OPERLOG_INFO"("LOG_ID", "LOGIN_NAME", "LOGIN_IP", "OPER_TIME", "OPER_CONTENT", "OPER_TYPE")
  VALUES('40286681436fbd6501436fbeb1d70001', 'admin', '127.0.0.1', '2014-01-08 10:46:44.951', '更新公告工程公告测试1', 'SYS_SYSPROJECTANNOINFO_UPDATE')
GO
INSERT INTO "SYS_OPERLOG_INFO"("LOG_ID", "LOGIN_NAME", "LOGIN_IP", "OPER_TIME", "OPER_CONTENT", "OPER_TYPE")
  VALUES('40286681436fbd6501436fc22e1e0002', 'admin', '127.0.0.1', '2014-01-08 10:50:33.374', '更新公告工程公告测试1', 'SYS_SYSPROJECTANNOINFO_UPDATE')
GO
INSERT INTO "SYS_OPERLOG_INFO"("LOG_ID", "LOGIN_NAME", "LOGIN_IP", "OPER_TIME", "OPER_CONTENT", "OPER_TYPE")
  VALUES('40286681437066650143706bea0e0000', 'admin', '127.0.0.1', '2014-01-08 13:55:57.06', '用户登录成功', 'SYS_SYSTEM_LOGIN')
GO
INSERT INTO "SYS_OPERLOG_INFO"("LOG_ID", "LOGIN_NAME", "LOGIN_IP", "OPER_TIME", "OPER_CONTENT", "OPER_TYPE")
  VALUES('40286681437066650143706ccb690002', 'admin', '127.0.0.1', '2014-01-08 13:56:54.761', 'test', 'SYS_USER_INSERT')
GO
INSERT INTO "SYS_OPERLOG_INFO"("LOG_ID", "LOGIN_NAME", "LOGIN_IP", "OPER_TIME", "OPER_CONTENT", "OPER_TYPE")
  VALUES('40286681437066650143706de4130003', 'admin', '127.0.0.1', '2014-01-08 13:58:06.61', '普通角色', 'SYS_ROLE_UPDATE')
GO
INSERT INTO "SYS_OPERLOG_INFO"("LOG_ID", "LOGIN_NAME", "LOGIN_IP", "OPER_TIME", "OPER_CONTENT", "OPER_TYPE")
  VALUES('40286681437066650143706e02440004', 'test', '127.0.0.1', '2014-01-08 13:58:14.34', '用户登录成功', 'SYS_SYSTEM_LOGIN')
GO
INSERT INTO "SYS_OPERLOG_INFO"("LOG_ID", "LOGIN_NAME", "LOGIN_IP", "OPER_TIME", "OPER_CONTENT", "OPER_TYPE")
  VALUES('402866814370666501437071c1950005', 'admin', '127.0.0.1', '2014-01-08 14:02:19.924', '用户登录成功', 'SYS_SYSTEM_LOGIN')
GO
INSERT INTO "SYS_OPERLOG_INFO"("LOG_ID", "LOGIN_NAME", "LOGIN_IP", "OPER_TIME", "OPER_CONTENT", "OPER_TYPE")
  VALUES('402866814370666501437072123f0006', 'test', '127.0.0.1', '2014-01-08 14:02:40.574', '用户登录成功', 'SYS_SYSTEM_LOGIN')
GO
INSERT INTO "SYS_OPERLOG_INFO"("LOG_ID", "LOGIN_NAME", "LOGIN_IP", "OPER_TIME", "OPER_CONTENT", "OPER_TYPE")
  VALUES('40286681437066650143707246f00007', 'admin', '127.0.0.1', '2014-01-08 14:02:54.064', '用户登录成功', 'SYS_SYSTEM_LOGIN')
GO
INSERT INTO "SYS_OPERLOG_INFO"("LOG_ID", "LOGIN_NAME", "LOGIN_IP", "OPER_TIME", "OPER_CONTENT", "OPER_TYPE")
  VALUES('402866814370666501437072b0350008', 'admin', '127.0.0.1', '2014-01-08 14:03:21.013', '普通角色', 'SYS_ROLE_UPDATE')
GO
INSERT INTO "SYS_OPERLOG_INFO"("LOG_ID", "LOGIN_NAME", "LOGIN_IP", "OPER_TIME", "OPER_CONTENT", "OPER_TYPE")
  VALUES('402866814370666501437072e06d0009', 'admin', '127.0.0.1', '2014-01-08 14:03:33.357', 'test', 'SYS_USER_UPDATE')
GO
INSERT INTO "SYS_OPERLOG_INFO"("LOG_ID", "LOGIN_NAME", "LOGIN_IP", "OPER_TIME", "OPER_CONTENT", "OPER_TYPE")
  VALUES('40286681437066650143707330a5000a', 'test', '127.0.0.1', '2014-01-08 14:03:53.893', '用户登录成功', 'SYS_SYSTEM_LOGIN')
GO
INSERT INTO "SYS_OPERLOG_INFO"("LOG_ID", "LOGIN_NAME", "LOGIN_IP", "OPER_TIME", "OPER_CONTENT", "OPER_TYPE")
  VALUES('402866814370821a0143708272f30000', 'admin', '127.0.0.1', '2014-01-08 14:20:33.901', '用户登录成功', 'SYS_SYSTEM_LOGIN')
GO
INSERT INTO "SYS_OPERLOG_INFO"("LOG_ID", "LOGIN_NAME", "LOGIN_IP", "OPER_TIME", "OPER_CONTENT", "OPER_TYPE")
  VALUES('402866814370821a014370829a030001', 'test', '127.0.0.1', '2014-01-08 14:20:43.907', '用户登录成功', 'SYS_SYSTEM_LOGIN')
GO
INSERT INTO "SYS_OPERLOG_INFO"("LOG_ID", "LOGIN_NAME", "LOGIN_IP", "OPER_TIME", "OPER_CONTENT", "OPER_TYPE")
  VALUES('402866814370821a014370846a9b0002', 'admin', '127.0.0.1', '2014-01-08 14:22:42.841', '用户登录成功', 'SYS_SYSTEM_LOGIN')
GO
INSERT INTO "SYS_OPERLOG_INFO"("LOG_ID", "LOGIN_NAME", "LOGIN_IP", "OPER_TIME", "OPER_CONTENT", "OPER_TYPE")
  VALUES('402866814370821a01437084fe7a0003', 'admin', '127.0.0.1', '2014-01-08 14:23:20.698', '操作日志管理', 'SYS_MENU_UPDATE')
GO
INSERT INTO "SYS_OPERLOG_INFO"("LOG_ID", "LOGIN_NAME", "LOGIN_IP", "OPER_TIME", "OPER_CONTENT", "OPER_TYPE")
  VALUES('402866814370821a0143708516a70004', 'test', '127.0.0.1', '2014-01-08 14:23:26.887', '用户登录成功', 'SYS_SYSTEM_LOGIN')
GO
INSERT INTO "SYS_OPERLOG_INFO"("LOG_ID", "LOGIN_NAME", "LOGIN_IP", "OPER_TIME", "OPER_CONTENT", "OPER_TYPE")
  VALUES('402866814370821a014370855e830005', 'admin', '127.0.0.1', '2014-01-08 14:23:45.282', '用户登录成功', 'SYS_SYSTEM_LOGIN')
GO
INSERT INTO "SYS_OPERLOG_INFO"("LOG_ID", "LOGIN_NAME", "LOGIN_IP", "OPER_TIME", "OPER_CONTENT", "OPER_TYPE")
  VALUES('402866814370821a01437085a0c10006', 'admin', '127.0.0.1', '2014-01-08 14:24:02.241', '菜单管理', 'SYS_MENU_UPDATE')
GO
INSERT INTO "SYS_OPERLOG_INFO"("LOG_ID", "LOGIN_NAME", "LOGIN_IP", "OPER_TIME", "OPER_CONTENT", "OPER_TYPE")
  VALUES('402866814370821a01437085ca3f0007', 'test', '127.0.0.1', '2014-01-08 14:24:12.863', '用户登录成功', 'SYS_SYSTEM_LOGIN')
GO
INSERT INTO "SYS_OPERLOG_INFO"("LOG_ID", "LOGIN_NAME", "LOGIN_IP", "OPER_TIME", "OPER_CONTENT", "OPER_TYPE")
  VALUES('402866814370821a0143708c1eb30008', 'admin', '127.0.0.1', '2014-01-08 14:31:07.699', '用户登录成功', 'SYS_SYSTEM_LOGIN')
GO
INSERT INTO "SYS_OPERLOG_INFO"("LOG_ID", "LOGIN_NAME", "LOGIN_IP", "OPER_TIME", "OPER_CONTENT", "OPER_TYPE")
  VALUES('402866814370821a0143708c6b440009', 'admin', '127.0.0.1', '2014-01-08 14:31:27.299', '菜单修改', 'SYS_MENU_UPDATE')
GO
INSERT INTO "SYS_OPERLOG_INFO"("LOG_ID", "LOGIN_NAME", "LOGIN_IP", "OPER_TIME", "OPER_CONTENT", "OPER_TYPE")
  VALUES('402866814370821a0143708c9f1f000a', 'admin', '127.0.0.1', '2014-01-08 14:31:40.574', '用户登录成功', 'SYS_SYSTEM_LOGIN')
GO
INSERT INTO "SYS_OPERLOG_INFO"("LOG_ID", "LOGIN_NAME", "LOGIN_IP", "OPER_TIME", "OPER_CONTENT", "OPER_TYPE")
  VALUES('402866814370821a0143708cbcd1000b', 'test', '127.0.0.1', '2014-01-08 14:31:48.177', '用户登录成功', 'SYS_SYSTEM_LOGIN')
GO
INSERT INTO "SYS_OPERLOG_INFO"("LOG_ID", "LOGIN_NAME", "LOGIN_IP", "OPER_TIME", "OPER_CONTENT", "OPER_TYPE")
  VALUES('402866814370821a0143708dc6da000c', 'test', '127.0.0.1', '2014-01-08 14:32:56.282', '系统管理', 'SYS_MENU_UPDATE')
GO
INSERT INTO "SYS_OPERLOG_INFO"("LOG_ID", "LOGIN_NAME", "LOGIN_IP", "OPER_TIME", "OPER_CONTENT", "OPER_TYPE")
  VALUES('402866814370821a0143708dfad5000d', 'test', '127.0.0.1', '2014-01-08 14:33:09.588', '用户登录成功', 'SYS_SYSTEM_LOGIN')
GO
INSERT INTO "SYS_OPERLOG_INFO"("LOG_ID", "LOGIN_NAME", "LOGIN_IP", "OPER_TIME", "OPER_CONTENT", "OPER_TYPE")
  VALUES('402866814370821a0143708e4c60000e', 'test', '127.0.0.1', '2014-01-08 14:33:30.464', '系统管理', 'SYS_MENU_UPDATE')
GO
INSERT INTO "SYS_OPERLOG_INFO"("LOG_ID", "LOGIN_NAME", "LOGIN_IP", "OPER_TIME", "OPER_CONTENT", "OPER_TYPE")
  VALUES('402866814370821a0143708e7226000f', 'test', '127.0.0.1', '2014-01-08 14:33:40.134', '用户登录成功', 'SYS_SYSTEM_LOGIN')
GO
INSERT INTO "SYS_OPERLOG_INFO"("LOG_ID", "LOGIN_NAME", "LOGIN_IP", "OPER_TIME", "OPER_CONTENT", "OPER_TYPE")
  VALUES('402866814370821a01437092ce310010', 'test', '127.0.0.1', '2014-01-08 14:38:25.84', '系统管理', 'SYS_MENU_UPDATE')
GO
INSERT INTO "SYS_OPERLOG_INFO"("LOG_ID", "LOGIN_NAME", "LOGIN_IP", "OPER_TIME", "OPER_CONTENT", "OPER_TYPE")
  VALUES('402866814370821a0143709321970011', 'test', '127.0.0.1', '2014-01-08 14:38:47.19', '用户登录成功', 'SYS_SYSTEM_LOGIN')
GO
INSERT INTO "SYS_OPERLOG_INFO"("LOG_ID", "LOGIN_NAME", "LOGIN_IP", "OPER_TIME", "OPER_CONTENT", "OPER_TYPE")
  VALUES('402866814370821a01437099888a0012', 'admin', '127.0.0.1', '2014-01-08 14:45:46.762', '用户登录成功', 'SYS_SYSTEM_LOGIN')
GO
INSERT INTO "SYS_OPERLOG_INFO"("LOG_ID", "LOGIN_NAME", "LOGIN_IP", "OPER_TIME", "OPER_CONTENT", "OPER_TYPE")
  VALUES('402866814370821a01437099b8d20013', 'test', '127.0.0.1', '2014-01-08 14:45:59.122', '用户登录成功', 'SYS_SYSTEM_LOGIN')
GO
INSERT INTO "SYS_OPERLOG_INFO"("LOG_ID", "LOGIN_NAME", "LOGIN_IP", "OPER_TIME", "OPER_CONTENT", "OPER_TYPE")
  VALUES('402866814370821a01437099ec530014', 'test', '127.0.0.1', '2014-01-08 14:46:12.307', '用户登录成功', 'SYS_SYSTEM_LOGIN')
GO
INSERT INTO "SYS_OPERLOG_INFO"("LOG_ID", "LOGIN_NAME", "LOGIN_IP", "OPER_TIME", "OPER_CONTENT", "OPER_TYPE")
  VALUES('402866814370821a0143709a392e0015', 'admin', '127.0.0.1', '2014-01-08 14:46:31.982', '用户登录成功', 'SYS_SYSTEM_LOGIN')
GO
INSERT INTO "SYS_OPERLOG_INFO"("LOG_ID", "LOGIN_NAME", "LOGIN_IP", "OPER_TIME", "OPER_CONTENT", "OPER_TYPE")
  VALUES('402866814370821a0143709b08b80017', 'admin', '127.0.0.1', '2014-01-08 14:47:25.112', '首页公告', 'SYS_MENU_INSERT')
GO
INSERT INTO "SYS_OPERLOG_INFO"("LOG_ID", "LOGIN_NAME", "LOGIN_IP", "OPER_TIME", "OPER_CONTENT", "OPER_TYPE")
  VALUES('402866814370821a0143709b4f0c0018', 'admin', '127.0.0.1', '2014-01-08 14:47:43.116', '普通角色', 'SYS_ROLE_UPDATE')
GO
INSERT INTO "SYS_OPERLOG_INFO"("LOG_ID", "LOGIN_NAME", "LOGIN_IP", "OPER_TIME", "OPER_CONTENT", "OPER_TYPE")
  VALUES('402866814370821a0143709b7f050019', 'test', '127.0.0.1', '2014-01-08 14:47:55.397', '用户登录成功', 'SYS_SYSTEM_LOGIN')
GO
INSERT INTO "SYS_OPERLOG_INFO"("LOG_ID", "LOGIN_NAME", "LOGIN_IP", "OPER_TIME", "OPER_CONTENT", "OPER_TYPE")
  VALUES('402866814370821a0143709bf68b001a', 'test', '127.0.0.1', '2014-01-08 14:48:25.995', '首页公告', 'SYS_MENU_UPDATE')
GO
INSERT INTO "SYS_OPERLOG_INFO"("LOG_ID", "LOGIN_NAME", "LOGIN_IP", "OPER_TIME", "OPER_CONTENT", "OPER_TYPE")
  VALUES('402866814370821a0143709dfd99001c', 'test', '127.0.0.1', '2014-01-08 14:50:38.873', '公告首页列表', 'SYS_MENU_INSERT')
GO
INSERT INTO "SYS_OPERLOG_INFO"("LOG_ID", "LOGIN_NAME", "LOGIN_IP", "OPER_TIME", "OPER_CONTENT", "OPER_TYPE")
  VALUES('402866814370821a0143709fcd64001d', 'test', '127.0.0.1', '2014-01-08 14:52:37.604', '公告首页', 'SYS_MENU_UPDATE')
GO
INSERT INTO "SYS_OPERLOG_INFO"("LOG_ID", "LOGIN_NAME", "LOGIN_IP", "OPER_TIME", "OPER_CONTENT", "OPER_TYPE")
  VALUES('402866814370821a014370a29637001e', 'test', '127.0.0.1', '2014-01-08 14:55:40.087', '菜单修改', 'SYS_MENU_UPDATE')
GO
INSERT INTO "SYS_OPERLOG_INFO"("LOG_ID", "LOGIN_NAME", "LOGIN_IP", "OPER_TIME", "OPER_CONTENT", "OPER_TYPE")
  VALUES('402866814370821a014370ab6303001f', 'test', '127.0.0.1', '2014-01-08 15:05:16.803', '菜单增加', 'SYS_MENU_UPDATE')
GO
INSERT INTO "SYS_OPERLOG_INFO"("LOG_ID", "LOGIN_NAME", "LOGIN_IP", "OPER_TIME", "OPER_CONTENT", "OPER_TYPE")
  VALUES('402866814370821a014370ab7dba0020', 'admin', '127.0.0.1', '2014-01-08 15:05:23.641', '用户登录成功', 'SYS_SYSTEM_LOGIN')
GO
INSERT INTO "SYS_OPERLOG_INFO"("LOG_ID", "LOGIN_NAME", "LOGIN_IP", "OPER_TIME", "OPER_CONTENT", "OPER_TYPE")
  VALUES('402866814370821a014370abc9930021', 'admin', '127.0.0.1', '2014-01-08 15:05:43.059', '普通角色', 'SYS_ROLE_UPDATE')
GO
INSERT INTO "SYS_OPERLOG_INFO"("LOG_ID", "LOGIN_NAME", "LOGIN_IP", "OPER_TIME", "OPER_CONTENT", "OPER_TYPE")
  VALUES('402866814370821a014370abf20b0022', 'test', '127.0.0.1', '2014-01-08 15:05:53.419', '用户登录成功', 'SYS_SYSTEM_LOGIN')
GO
INSERT INTO "SYS_OPERLOG_INFO"("LOG_ID", "LOGIN_NAME", "LOGIN_IP", "OPER_TIME", "OPER_CONTENT", "OPER_TYPE")
  VALUES('402866814370821a014370afdee00024', 'test', '127.0.0.1', '2014-01-08 15:10:10.656', '公告首页1', 'SYS_MENU_INSERT')
GO
INSERT INTO "SYS_OPERLOG_INFO"("LOG_ID", "LOGIN_NAME", "LOGIN_IP", "OPER_TIME", "OPER_CONTENT", "OPER_TYPE")
  VALUES('402866814370821a014370b01c290025', 'test', '127.0.0.1', '2014-01-08 15:10:26.345', '系统首页', 'SYS_MENU_UPDATE')
GO
INSERT INTO "SYS_OPERLOG_INFO"("LOG_ID", "LOGIN_NAME", "LOGIN_IP", "OPER_TIME", "OPER_CONTENT", "OPER_TYPE")
  VALUES('402866814370821a014370b078c00026', 'test', '127.0.0.1', '2014-01-08 15:10:50.048', '普通角色', 'SYS_ROLE_UPDATE')
GO
INSERT INTO "SYS_OPERLOG_INFO"("LOG_ID", "LOGIN_NAME", "LOGIN_IP", "OPER_TIME", "OPER_CONTENT", "OPER_TYPE")
  VALUES('402866814370821a014370b1c7960027', 'admin', '127.0.0.1', '2014-01-08 15:12:15.766', '用户登录成功', 'SYS_SYSTEM_LOGIN')
GO
INSERT INTO "SYS_OPERLOG_INFO"("LOG_ID", "LOGIN_NAME", "LOGIN_IP", "OPER_TIME", "OPER_CONTENT", "OPER_TYPE")
  VALUES('402866814370821a014370b1ecbb0028', 'admin', '127.0.0.1', '2014-01-08 15:12:25.275', '公告首页', 'SYS_MENU_DELETE')
GO
INSERT INTO "SYS_OPERLOG_INFO"("LOG_ID", "LOGIN_NAME", "LOGIN_IP", "OPER_TIME", "OPER_CONTENT", "OPER_TYPE")
  VALUES('402866814370821a014370b24b0b0029', 'admin', '127.0.0.1', '2014-01-08 15:12:49.419', '公告首页', 'SYS_MENU_UPDATE')
GO
INSERT INTO "SYS_OPERLOG_INFO"("LOG_ID", "LOGIN_NAME", "LOGIN_IP", "OPER_TIME", "OPER_CONTENT", "OPER_TYPE")
  VALUES('402866814370821a014370b2ba85002a', 'admin', '127.0.0.1', '2014-01-08 15:13:17.957', '普通角色', 'SYS_ROLE_UPDATE')
GO
INSERT INTO "SYS_OPERLOG_INFO"("LOG_ID", "LOGIN_NAME", "LOGIN_IP", "OPER_TIME", "OPER_CONTENT", "OPER_TYPE")
  VALUES('402866814370821a014370b2d7b7002b', 'test', '127.0.0.1', '2014-01-08 15:13:25.43', '用户登录成功', 'SYS_SYSTEM_LOGIN')
GO
INSERT INTO "SYS_OPERLOG_INFO"("LOG_ID", "LOGIN_NAME", "LOGIN_IP", "OPER_TIME", "OPER_CONTENT", "OPER_TYPE")
  VALUES('402866814370821a014370b6c025002d', 'test', '127.0.0.1', '2014-01-08 15:17:41.541', '公告信息', 'SYS_MENU_INSERT')
GO
INSERT INTO "SYS_OPERLOG_INFO"("LOG_ID", "LOGIN_NAME", "LOGIN_IP", "OPER_TIME", "OPER_CONTENT", "OPER_TYPE")
  VALUES('402866814370821a014370b6f4b1002e', 'test', '127.0.0.1', '2014-01-08 15:17:54.993', '普通角色', 'SYS_ROLE_UPDATE')
GO
INSERT INTO "SYS_OPERLOG_INFO"("LOG_ID", "LOGIN_NAME", "LOGIN_IP", "OPER_TIME", "OPER_CONTENT", "OPER_TYPE")
  VALUES('402866814370821a014370b716ec002f', 'test', '127.0.0.1', '2014-01-08 15:18:03.756', '用户登录成功', 'SYS_SYSTEM_LOGIN')
GO
INSERT INTO "SYS_OPERLOG_INFO"("LOG_ID", "LOGIN_NAME", "LOGIN_IP", "OPER_TIME", "OPER_CONTENT", "OPER_TYPE")
  VALUES('402866814370821a014370b7ee900031', 'test', '127.0.0.1', '2014-01-08 15:18:58.96', '公告详细信息', 'SYS_MENU_INSERT')
GO
INSERT INTO "SYS_OPERLOG_INFO"("LOG_ID", "LOGIN_NAME", "LOGIN_IP", "OPER_TIME", "OPER_CONTENT", "OPER_TYPE")
  VALUES('402866814370821a014370b81ec60032', 'test', '127.0.0.1', '2014-01-08 15:19:11.301', '普通角色', 'SYS_ROLE_UPDATE')
GO
INSERT INTO "SYS_OPERLOG_INFO"("LOG_ID", "LOGIN_NAME", "LOGIN_IP", "OPER_TIME", "OPER_CONTENT", "OPER_TYPE")
  VALUES('402866814370821a014370b836ee0033', 'test', '127.0.0.1', '2014-01-08 15:19:17.486', '用户登录成功', 'SYS_SYSTEM_LOGIN')
GO
INSERT INTO "SYS_OPERLOG_INFO"("LOG_ID", "LOGIN_NAME", "LOGIN_IP", "OPER_TIME", "OPER_CONTENT", "OPER_TYPE")
  VALUES('402866814370821a014370b8be0c0035', 'test', '127.0.0.1', '2014-01-08 15:19:52.076', '公告信息下载', 'SYS_MENU_INSERT')
GO
INSERT INTO "SYS_OPERLOG_INFO"("LOG_ID", "LOGIN_NAME", "LOGIN_IP", "OPER_TIME", "OPER_CONTENT", "OPER_TYPE")
  VALUES('402866814370821a014370b8dca70036', 'test', '127.0.0.1', '2014-01-08 15:19:59.91', '用户登录成功', 'SYS_SYSTEM_LOGIN')
GO
INSERT INTO "SYS_OPERLOG_INFO"("LOG_ID", "LOGIN_NAME", "LOGIN_IP", "OPER_TIME", "OPER_CONTENT", "OPER_TYPE")
  VALUES('402866814370821a014370b930d50037', 'test', '127.0.0.1', '2014-01-08 15:20:21.461', '普通角色', 'SYS_ROLE_UPDATE')
GO
INSERT INTO "SYS_OPERLOG_INFO"("LOG_ID", "LOGIN_NAME", "LOGIN_IP", "OPER_TIME", "OPER_CONTENT", "OPER_TYPE")
  VALUES('402866814370821a014370b989280038', 'test', '127.0.0.1', '2014-01-08 15:20:44.072', '公告首页', 'SYS_MENU_UPDATE')
GO
INSERT INTO "SYS_OPERLOG_INFO"("LOG_ID", "LOGIN_NAME", "LOGIN_IP", "OPER_TIME", "OPER_CONTENT", "OPER_TYPE")
  VALUES('402866814370821a014370b9b7830039', 'test', '127.0.0.1', '2014-01-08 15:20:55.939', '公告信息', 'SYS_MENU_UPDATE')
GO
INSERT INTO "SYS_OPERLOG_INFO"("LOG_ID", "LOGIN_NAME", "LOGIN_IP", "OPER_TIME", "OPER_CONTENT", "OPER_TYPE")
  VALUES('402866814370821a014370b9e512003a', 'test', '127.0.0.1', '2014-01-08 15:21:07.602', '公告详细信息', 'SYS_MENU_UPDATE')
GO
INSERT INTO "SYS_OPERLOG_INFO"("LOG_ID", "LOGIN_NAME", "LOGIN_IP", "OPER_TIME", "OPER_CONTENT", "OPER_TYPE")
  VALUES('402866814370821a014370ba13a0003b', 'test', '127.0.0.1', '2014-01-08 15:21:19.52', '公告信息下载', 'SYS_MENU_UPDATE')
GO
INSERT INTO "SYS_OPERLOG_INFO"("LOG_ID", "LOGIN_NAME", "LOGIN_IP", "OPER_TIME", "OPER_CONTENT", "OPER_TYPE")
  VALUES('402866814370821a014370bb9173003c', 'test', '127.0.0.1', '2014-01-08 15:22:57.267', '菜单删除', 'SYS_MENU_UPDATE')
GO
INSERT INTO "SYS_PUBCODE_INFO"("CODE_ID", "CODE_NAME", "CODE_VALUE", "CODE_RMK")
  VALUES('system.helpfile', 'system.helpfile', 'd:/helpDoc', '帮助文档存放目录')
GO
INSERT INTO "SYS_ROLE_INFO"("ROLE_ID", "ROLE_NAME", "ROLE_RMK")
  VALUES('40285c813d7b3ced013d7b45cf8c0003', '普通角色', '')
GO
INSERT INTO "SYS_ROLE_INFO"("ROLE_ID", "ROLE_NAME", "ROLE_RMK")
  VALUES('role_admin', '管理员角色', '')
GO
INSERT INTO "SYS_USER_INFO"("USER_ID", "LOGIN_NAME", "LOGIN_PWD", "USER_STATUS", "USER_NAME", "USER_EMAIL", "USER_TEL", "USER_MOB_TEL", "BRANCH_NO", "USER_TYPE")
  VALUES('admin', 'admin', '21232f297a57a5a743894a0e4a801fc3', '1', '系统管理员', 'admin@adtec.com.cn', NULL, NULL, NULL, NULL)
GO
INSERT INTO "SYS_USER_INFO"("USER_ID", "LOGIN_NAME", "LOGIN_PWD", "USER_STATUS", "USER_NAME", "USER_EMAIL", "USER_TEL", "USER_MOB_TEL", "BRANCH_NO", "USER_TYPE")
  VALUES('40286681437066650143706ccb680001', 'test', '098f6bcd4621d373cade4e832627b4f6', '1', 'test', '', '', '', '0000', '2')
GO
INSERT INTO "SYS_USER_ROLE_REL"("ROLE_ID", "USER_ID")
  VALUES('40285c813d7b3ced013d7b45cf8c0003', '40286681437066650143706ccb680001')
GO
INSERT INTO "SYS_USER_ROLE_REL"("ROLE_ID", "USER_ID")
  VALUES('role_admin', 'admin')
GO
CREATE UNIQUE INDEX "XAK1_SYSUSER"
	ON "SYS_USER_INFO"("LOGIN_NAME")
	ALLOW REVERSE SCANS 
GO
ALTER TABLE "SYS_MENU_ROLE_REL"
	ADD CONSTRAINT "R_5"
	FOREIGN KEY("MENU_ID")
	REFERENCES "SYS_MENU_INFO"("MENU_ID")
	ON DELETE NO ACTION 
	ON UPDATE NO ACTION 
GO
ALTER TABLE "SYS_MENU_ROLE_REL"
	ADD CONSTRAINT "R_4"
	FOREIGN KEY("ROLE_ID")
	REFERENCES "SYS_ROLE_INFO"("ROLE_ID")
	ON DELETE NO ACTION 
	ON UPDATE NO ACTION 
GO
ALTER TABLE "SYS_USER_ROLE_REL"
	ADD CONSTRAINT "R_3"
	FOREIGN KEY("ROLE_ID")
	REFERENCES "SYS_ROLE_INFO"("ROLE_ID")
	ON DELETE NO ACTION 
	ON UPDATE NO ACTION 
GO
ALTER TABLE "SYS_USER_ROLE_REL"
	ADD CONSTRAINT "R_16"
	FOREIGN KEY("USER_ID")
	REFERENCES "SYS_USER_INFO"("USER_ID")
	ON DELETE NO ACTION 
	ON UPDATE NO ACTION 
GO
